BraTS20_Validation_001,406.375
BraTS20_Validation_002,394.66875
BraTS20_Validation_004,398.794375
BraTS20_Validation_006,388.234375
BraTS20_Validation_007,384.489375
BraTS20_Validation_008,383.583125
BraTS20_Validation_009,375.46875
BraTS20_Validation_011,376.9475
BraTS20_Validation_012,386.988125
BraTS20_Validation_013,382.505
BraTS20_Validation_014,405.411875
BraTS20_Validation_015,360.768125
BraTS20_Validation_016,392.305625
BraTS20_Validation_017,425.23625
BraTS20_Validation_021,404.03875
BraTS20_Validation_022,463.5025
BraTS20_Validation_023,358.306875
BraTS20_Validation_025,383.22
BraTS20_Validation_029,400.80625
BraTS20_Validation_030,396.9575
BraTS20_Validation_109,1151.63875
BraTS20_Validation_110,372.12625
BraTS20_Validation_111,372.835
BraTS20_Validation_112,602.443125
BraTS20_Validation_113,1184.451875
BraTS20_Validation_114,776.55
BraTS20_Validation_123,388.03875
BraTS20_Validation_124,400.3625
